<?xml version="1.0" encoding="UTF-8"?>
<beans xmlns="http://www.springframework.org/schema/beans"
    xmlns:xsi="http://www.w3.org/2001/XMLSchema-instance" 
    xsi:schemaLocation="http://www.springframework.org/schema/beans
    http://www.springframework.org/schema/beans/spring-beans.xsd ">

   <!-- Initialization for data source -->
   <bean id="dataSource" 
      class="org.springframework.jdbc.datasource.DriverManagerDataSource">
      <property name="driverClassName" value="com.mysql.jdbc.Driver"/>
      <property name="url" value="jdbc:mysql://localhost:3306/searchengine?useUnicode=true&amp;useSSL=false&amp;characterEncoding=utf-8"/>
      <property name="username" value="root"/>
      <property name="password" value="123456"/>
   </bean>

   <!-- Definition for studentJDBCTemplate bean -->
   <bean id="Booksql" 
      class="com.jdbcsql.Booksql">
      <property name="dataSource"  ref="dataSource" />    
   </bean>
   
   <bean id="finalmanager"
      class="com.Finalmanager.finalmanager">
      <property name="bsql"  ref="Booksql" />    
   </bean>

</beans>